WellName,wellTag,CellType,CellType_cons,Compound,Compound_cons,NucleicAcid,NucleicAcid_cons,ExternalID,Fluorophore,Column,Row
B2,DonorAcceptor,SH-SY5Y - ECACC,1200,DMSO,1,yAla(TGC)-Cy3+yIle(AAT)-Cy5,8.0,NA,Cy3+Cy5,2,2
B3,DonorAcceptor,SH-SY5Y - ECACC,1200,Z1952507499,3e-05,yAla(TGC)-Cy3+yIle(AAT)-Cy5,8.0,Z1952507499,Cy3+Cy5,3,2
B4,DonorAcceptor,SH-SY5Y - ECACC,1200,Z808566046,3e-05,yAla(TGC)-Cy3+yIle(AAT)-Cy5,8.0,Z808566046,Cy3+Cy5,4,2
B5,DonorAcceptor,SH-SY5Y - ECACC,1200,Z1603848025,3e-05,yAla(TGC)-Cy3+yIle(AAT)-Cy5,8.0,Z1603848025,Cy3+Cy5,5,2
B6,DonorAcceptor,SH-SY5Y - ECACC,1200,Z2231655257,3e-05,yAla(TGC)-Cy3+yIle(AAT)-Cy5,8.0,Z2231655257,Cy3+Cy5,6,2
B7,DonorAcceptor,SH-SY5Y - ECACC,1200,Z2044983768,3e-05,yAla(TGC)-Cy3+yIle(AAT)-Cy5,8.0,Z2044983768,Cy3+Cy5,7,2
B8,DonorAcceptor,SH-SY5Y - ECACC,1200,Z2353585067,3e-05,yAla(TGC)-Cy3+yIle(AAT)-Cy5,8.0,Z2353585067,Cy3+Cy5,8,2
B9,DonorAcceptor,SH-SY5Y - ECACC,1200,Z1991687419,3e-05,yAla(TGC)-Cy3+yIle(AAT)-Cy5,8.0,Z1991687419,Cy3+Cy5,9,2
B10,DonorAcceptor,SH-SY5Y - ECACC,1200,Z2225545524,3e-05,yAla(TGC)-Cy3+yIle(AAT)-Cy5,8.0,Z2225545524,Cy3+Cy5,10,2
B11,DonorAcceptor,SH-SY5Y - ECACC,1200,Z1139289466,3e-05,yAla(TGC)-Cy3+yIle(AAT)-Cy5,8.0,Z1139289466,Cy3+Cy5,11,2
B12,DonorAcceptor,SH-SY5Y - ECACC,1200,Z1452042396,3e-05,yAla(TGC)-Cy3+yIle(AAT)-Cy5,8.0,Z1452042396,Cy3+Cy5,12,2
B13,DonorAcceptor,SH-SY5Y - ECACC,1200,Z1883433826,3e-05,yAla(TGC)-Cy3+yIle(AAT)-Cy5,8.0,Z1883433826,Cy3+Cy5,13,2
B14,DonorAcceptor,SH-SY5Y - ECACC,1200,Z1513972730,3e-05,yAla(TGC)-Cy3+yIle(AAT)-Cy5,8.0,Z1513972730,Cy3+Cy5,14,2
B15,DonorAcceptor,SH-SY5Y - ECACC,1200,Z2703902061,3e-05,yAla(TGC)-Cy3+yIle(AAT)-Cy5,8.0,Z2703902061,Cy3+Cy5,15,2
B16,DonorAcceptor,SH-SY5Y - ECACC,1200,Z2740574985,3e-05,yAla(TGC)-Cy3+yIle(AAT)-Cy5,8.0,Z2740574985,Cy3+Cy5,16,2
B17,DonorAcceptor,SH-SY5Y - ECACC,1200,Z513056124,3e-05,yAla(TGC)-Cy3+yIle(AAT)-Cy5,8.0,Z513056124,Cy3+Cy5,17,2
B18,DonorAcceptor,SH-SY5Y - ECACC,1200,Z400854850,3e-05,yAla(TGC)-Cy3+yIle(AAT)-Cy5,8.0,Z400854850,Cy3+Cy5,18,2
B19,DonorAcceptor,SH-SY5Y - ECACC,1200,Z1273472815,3e-05,yAla(TGC)-Cy3+yIle(AAT)-Cy5,8.0,Z1273472815,Cy3+Cy5,19,2
B20,DonorAcceptor,SH-SY5Y - ECACC,1200,Z2256366868,3e-05,yAla(TGC)-Cy3+yIle(AAT)-Cy5,8.0,Z2256366868,Cy3+Cy5,20,2
B21,DonorAcceptor,SH-SY5Y - ECACC,1200,Z1458146044,3e-05,yAla(TGC)-Cy3+yIle(AAT)-Cy5,8.0,Z1458146044,Cy3+Cy5,21,2
B22,DonorAcceptor,SH-SY5Y - ECACC,1200,Z1372747812,3e-05,yAla(TGC)-Cy3+yIle(AAT)-Cy5,8.0,Z1372747812,Cy3+Cy5,22,2
B23,DonorAcceptor,SH-SY5Y - ECACC,1200,DMSO,1,yAla(TGC)-Cy3+yIle(AAT)-Cy5,8.0,NA,Cy3+Cy5,23,2
C2,DonorAcceptor,SH-SY5Y - ECACC,1200,DMSO,1,yAla(TGC)-Cy3+yIle(AAT)-Cy5,8.0,NA,Cy3+Cy5,2,3
C3,DonorAcceptor,SH-SY5Y - ECACC,1200,Z1496005284,3e-05,yAla(TGC)-Cy3+yIle(AAT)-Cy5,8.0,Z1496005284,Cy3+Cy5,3,3
C4,DonorAcceptor,SH-SY5Y - ECACC,1200,Z1517577738,3e-05,yAla(TGC)-Cy3+yIle(AAT)-Cy5,8.0,Z1517577738,Cy3+Cy5,4,3
C5,DonorAcceptor,SH-SY5Y - ECACC,1200,Z1668360794,3e-05,yAla(TGC)-Cy3+yIle(AAT)-Cy5,8.0,Z1668360794,Cy3+Cy5,5,3
C6,DonorAcceptor,SH-SY5Y - ECACC,1200,Z1631677873,3e-05,yAla(TGC)-Cy3+yIle(AAT)-Cy5,8.0,Z1631677873,Cy3+Cy5,6,3
C7,DonorAcceptor,SH-SY5Y - ECACC,1200,Z2070223938,3e-05,yAla(TGC)-Cy3+yIle(AAT)-Cy5,8.0,Z2070223938,Cy3+Cy5,7,3
C8,DonorAcceptor,SH-SY5Y - ECACC,1200,Z2235078350,3e-05,yAla(TGC)-Cy3+yIle(AAT)-Cy5,8.0,Z2235078350,Cy3+Cy5,8,3
C9,DonorAcceptor,SH-SY5Y - ECACC,1200,Z1444504325,3e-05,yAla(TGC)-Cy3+yIle(AAT)-Cy5,8.0,Z1444504325,Cy3+Cy5,9,3
C10,DonorAcceptor,SH-SY5Y - ECACC,1200,Z2217368924,3e-05,yAla(TGC)-Cy3+yIle(AAT)-Cy5,8.0,Z2217368924,Cy3+Cy5,10,3
C11,DonorAcceptor,SH-SY5Y - ECACC,1200,Z2165571591,3e-05,yAla(TGC)-Cy3+yIle(AAT)-Cy5,8.0,Z2165571591,Cy3+Cy5,11,3
C12,DonorAcceptor,SH-SY5Y - ECACC,1200,Z1157854408,3e-05,yAla(TGC)-Cy3+yIle(AAT)-Cy5,8.0,Z1157854408,Cy3+Cy5,12,3
C13,DonorAcceptor,SH-SY5Y - ECACC,1200,Z1445270518,3e-05,yAla(TGC)-Cy3+yIle(AAT)-Cy5,8.0,Z1445270518,Cy3+Cy5,13,3
C14,DonorAcceptor,SH-SY5Y - ECACC,1200,Z1461891453,3e-05,yAla(TGC)-Cy3+yIle(AAT)-Cy5,8.0,Z1461891453,Cy3+Cy5,14,3
C15,DonorAcceptor,SH-SY5Y - ECACC,1200,Z1865846598,3e-05,yAla(TGC)-Cy3+yIle(AAT)-Cy5,8.0,Z1865846598,Cy3+Cy5,15,3
C16,DonorAcceptor,SH-SY5Y - ECACC,1200,Z2353807841,3e-05,yAla(TGC)-Cy3+yIle(AAT)-Cy5,8.0,Z2353807841,Cy3+Cy5,16,3
C17,DonorAcceptor,SH-SY5Y - ECACC,1200,Z2495531669,3e-05,yAla(TGC)-Cy3+yIle(AAT)-Cy5,8.0,Z2495531669,Cy3+Cy5,17,3
C18,DonorAcceptor,SH-SY5Y - ECACC,1200,Z1498528807,3e-05,yAla(TGC)-Cy3+yIle(AAT)-Cy5,8.0,Z1498528807,Cy3+Cy5,18,3
C19,DonorAcceptor,SH-SY5Y - ECACC,1200,Z1658782671,3e-05,yAla(TGC)-Cy3+yIle(AAT)-Cy5,8.0,Z1658782671,Cy3+Cy5,19,3
C20,DonorAcceptor,SH-SY5Y - ECACC,1200,Z1173473430,3e-05,yAla(TGC)-Cy3+yIle(AAT)-Cy5,8.0,Z1173473430,Cy3+Cy5,20,3
C21,DonorAcceptor,SH-SY5Y - ECACC,1200,Z1402625920,3e-05,yAla(TGC)-Cy3+yIle(AAT)-Cy5,8.0,Z1402625920,Cy3+Cy5,21,3
C22,DonorAcceptor,SH-SY5Y - ECACC,1200,Z2061210804,3e-05,yAla(TGC)-Cy3+yIle(AAT)-Cy5,8.0,Z2061210804,Cy3+Cy5,22,3
C23,DonorAcceptor,SH-SY5Y - ECACC,1200,DMSO,1,yAla(TGC)-Cy3+yIle(AAT)-Cy5,8.0,NA,Cy3+Cy5,23,3
D2,DonorAcceptor,SH-SY5Y - ECACC,1200,DMSO,1,yAla(TGC)-Cy3+yIle(AAT)-Cy5,8.0,NA,Cy3+Cy5,2,4
D3,DonorAcceptor,SH-SY5Y - ECACC,1200,Z2092717959,3e-05,yAla(TGC)-Cy3+yIle(AAT)-Cy5,8.0,Z2092717959,Cy3+Cy5,3,4
D4,DonorAcceptor,SH-SY5Y - ECACC,1200,Z246931986,3e-05,yAla(TGC)-Cy3+yIle(AAT)-Cy5,8.0,Z246931986,Cy3+Cy5,4,4
D5,DonorAcceptor,SH-SY5Y - ECACC,1200,Z1218127558,3e-05,yAla(TGC)-Cy3+yIle(AAT)-Cy5,8.0,Z1218127558,Cy3+Cy5,5,4
D6,DonorAcceptor,SH-SY5Y - ECACC,1200,Z1445439735,3e-05,yAla(TGC)-Cy3+yIle(AAT)-Cy5,8.0,Z1445439735,Cy3+Cy5,6,4
D7,DonorAcceptor,SH-SY5Y - ECACC,1200,Z1873972522,3e-05,yAla(TGC)-Cy3+yIle(AAT)-Cy5,8.0,Z1873972522,Cy3+Cy5,7,4
D8,DonorAcceptor,SH-SY5Y - ECACC,1200,Z2032898422,3e-05,yAla(TGC)-Cy3+yIle(AAT)-Cy5,8.0,Z2032898422,Cy3+Cy5,8,4
D9,DonorAcceptor,SH-SY5Y - ECACC,1200,Z2229261874,3e-05,yAla(TGC)-Cy3+yIle(AAT)-Cy5,8.0,Z2229261874,Cy3+Cy5,9,4
D10,DonorAcceptor,SH-SY5Y - ECACC,1200,Z1632996143,3e-05,yAla(TGC)-Cy3+yIle(AAT)-Cy5,8.0,Z1632996143,Cy3+Cy5,10,4
D11,DonorAcceptor,SH-SY5Y - ECACC,1200,Z1220502706,3e-05,yAla(TGC)-Cy3+yIle(AAT)-Cy5,8.0,Z1220502706,Cy3+Cy5,11,4
D12,DonorAcceptor,SH-SY5Y - ECACC,1200,Z2601466482,3e-05,yAla(TGC)-Cy3+yIle(AAT)-Cy5,8.0,Z2601466482,Cy3+Cy5,12,4
D13,DonorAcceptor,SH-SY5Y - ECACC,1200,Z1371381266,3e-05,yAla(TGC)-Cy3+yIle(AAT)-Cy5,8.0,Z1371381266,Cy3+Cy5,13,4
D14,DonorAcceptor,SH-SY5Y - ECACC,1200,Z1620294998,3e-05,yAla(TGC)-Cy3+yIle(AAT)-Cy5,8.0,Z1620294998,Cy3+Cy5,14,4
D15,DonorAcceptor,SH-SY5Y - ECACC,1200,Z1958930556,3e-05,yAla(TGC)-Cy3+yIle(AAT)-Cy5,8.0,Z1958930556,Cy3+Cy5,15,4
D16,DonorAcceptor,SH-SY5Y - ECACC,1200,Z2754348633,3e-05,yAla(TGC)-Cy3+yIle(AAT)-Cy5,8.0,Z2754348633,Cy3+Cy5,16,4
D17,DonorAcceptor,SH-SY5Y - ECACC,1200,Z2353764678,3e-05,yAla(TGC)-Cy3+yIle(AAT)-Cy5,8.0,Z2353764678,Cy3+Cy5,17,4
D18,DonorAcceptor,SH-SY5Y - ECACC,1200,Z1832028596,3e-05,yAla(TGC)-Cy3+yIle(AAT)-Cy5,8.0,Z1832028596,Cy3+Cy5,18,4
D19,DonorAcceptor,SH-SY5Y - ECACC,1200,Z1957034407,3e-05,yAla(TGC)-Cy3+yIle(AAT)-Cy5,8.0,Z1957034407,Cy3+Cy5,19,4
D20,DonorAcceptor,SH-SY5Y - ECACC,1200,Z594209408,3e-05,yAla(TGC)-Cy3+yIle(AAT)-Cy5,8.0,Z594209408,Cy3+Cy5,20,4
D21,DonorAcceptor,SH-SY5Y - ECACC,1200,Z1210283869,3e-05,yAla(TGC)-Cy3+yIle(AAT)-Cy5,8.0,Z1210283869,Cy3+Cy5,21,4
D22,DonorAcceptor,SH-SY5Y - ECACC,1200,Z2755548865,3e-05,yAla(TGC)-Cy3+yIle(AAT)-Cy5,8.0,Z2755548865,Cy3+Cy5,22,4
D23,DonorAcceptor,SH-SY5Y - ECACC,1200,DMSO,1,yAla(TGC)-Cy3+yIle(AAT)-Cy5,8.0,NA,Cy3+Cy5,23,4
E2,DonorAcceptor,SH-SY5Y - ECACC,1200,DMSO,1,yAla(TGC)-Cy3+yIle(AAT)-Cy5,8.0,NA,Cy3+Cy5,2,5
E3,DonorAcceptor,SH-SY5Y - ECACC,1200,Z2017656623,3e-05,yAla(TGC)-Cy3+yIle(AAT)-Cy5,8.0,Z2017656623,Cy3+Cy5,3,5
E4,DonorAcceptor,SH-SY5Y - ECACC,1200,Z1537404508,3e-05,yAla(TGC)-Cy3+yIle(AAT)-Cy5,8.0,Z1537404508,Cy3+Cy5,4,5
E5,DonorAcceptor,SH-SY5Y - ECACC,1200,Z1459910478,3e-05,yAla(TGC)-Cy3+yIle(AAT)-Cy5,8.0,Z1459910478,Cy3+Cy5,5,5
E6,DonorAcceptor,SH-SY5Y - ECACC,1200,Z1359726383,3e-05,yAla(TGC)-Cy3+yIle(AAT)-Cy5,8.0,Z1359726383,Cy3+Cy5,6,5
E7,DonorAcceptor,SH-SY5Y - ECACC,1200,Z2158153549,3e-05,yAla(TGC)-Cy3+yIle(AAT)-Cy5,8.0,Z2158153549,Cy3+Cy5,7,5
E8,DonorAcceptor,SH-SY5Y - ECACC,1200,Z1961438382,3e-05,yAla(TGC)-Cy3+yIle(AAT)-Cy5,8.0,Z1961438382,Cy3+Cy5,8,5
E9,DonorAcceptor,SH-SY5Y - ECACC,1200,Z1332958058,3e-05,yAla(TGC)-Cy3+yIle(AAT)-Cy5,8.0,Z1332958058,Cy3+Cy5,9,5
E10,DonorAcceptor,SH-SY5Y - ECACC,1200,Z852069244,3e-05,yAla(TGC)-Cy3+yIle(AAT)-Cy5,8.0,Z852069244,Cy3+Cy5,10,5
E11,DonorAcceptor,SH-SY5Y - ECACC,1200,Z972654166,3e-05,yAla(TGC)-Cy3+yIle(AAT)-Cy5,8.0,Z972654166,Cy3+Cy5,11,5
E12,DonorAcceptor,SH-SY5Y - ECACC,1200,Z1162780569,3e-05,yAla(TGC)-Cy3+yIle(AAT)-Cy5,8.0,Z1162780569,Cy3+Cy5,12,5
E13,DonorAcceptor,SH-SY5Y - ECACC,1200,Z1899444826,3e-05,yAla(TGC)-Cy3+yIle(AAT)-Cy5,8.0,Z1899444826,Cy3+Cy5,13,5
E14,DonorAcceptor,SH-SY5Y - ECACC,1200,Z941392634,3e-05,yAla(TGC)-Cy3+yIle(AAT)-Cy5,8.0,Z941392634,Cy3+Cy5,14,5
E15,DonorAcceptor,SH-SY5Y - ECACC,1200,Z1295787313,3e-05,yAla(TGC)-Cy3+yIle(AAT)-Cy5,8.0,Z1295787313,Cy3+Cy5,15,5
E16,DonorAcceptor,SH-SY5Y - ECACC,1200,Z2379491907,3e-05,yAla(TGC)-Cy3+yIle(AAT)-Cy5,8.0,Z2379491907,Cy3+Cy5,16,5
E17,DonorAcceptor,SH-SY5Y - ECACC,1200,Z1953906733,3e-05,yAla(TGC)-Cy3+yIle(AAT)-Cy5,8.0,Z1953906733,Cy3+Cy5,17,5
E18,DonorAcceptor,SH-SY5Y - ECACC,1200,Z1621684941,3e-05,yAla(TGC)-Cy3+yIle(AAT)-Cy5,8.0,Z1621684941,Cy3+Cy5,18,5
E19,DonorAcceptor,SH-SY5Y - ECACC,1200,Z1263954147,3e-05,yAla(TGC)-Cy3+yIle(AAT)-Cy5,8.0,Z1263954147,Cy3+Cy5,19,5
E20,DonorAcceptor,SH-SY5Y - ECACC,1200,Z1542045753,3e-05,yAla(TGC)-Cy3+yIle(AAT)-Cy5,8.0,Z1542045753,Cy3+Cy5,20,5
E21,DonorAcceptor,SH-SY5Y - ECACC,1200,Z1833655827,3e-05,yAla(TGC)-Cy3+yIle(AAT)-Cy5,8.0,Z1833655827,Cy3+Cy5,21,5
E22,DonorAcceptor,SH-SY5Y - ECACC,1200,Z2108920988,3e-05,yAla(TGC)-Cy3+yIle(AAT)-Cy5,8.0,Z2108920988,Cy3+Cy5,22,5
E23,DonorAcceptor,SH-SY5Y - ECACC,1200,DMSO,1,yAla(TGC)-Cy3+yIle(AAT)-Cy5,8.0,NA,Cy3+Cy5,23,5
F2,DonorOnly,SH-SY5Y - ECACC,1200,DMSO,1,yAla(TGC)-Cy3+yIle(AAT)-Cy5,8.0,NA,Cy3,2,6
F3,DonorAcceptor,SH-SY5Y - ECACC,1200,Z1568753285,3e-05,yAla(TGC)-Cy3+yIle(AAT)-Cy5,8.0,Z1568753285,Cy3+Cy5,3,6
F4,DonorAcceptor,SH-SY5Y - ECACC,1200,Z1444673230,3e-05,yAla(TGC)-Cy3+yIle(AAT)-Cy5,8.0,Z1444673230,Cy3+Cy5,4,6
F5,DonorAcceptor,SH-SY5Y - ECACC,1200,Z1401719891,3e-05,yAla(TGC)-Cy3+yIle(AAT)-Cy5,8.0,Z1401719891,Cy3+Cy5,5,6
F6,DonorAcceptor,SH-SY5Y - ECACC,1200,Z1456509864,3e-05,yAla(TGC)-Cy3+yIle(AAT)-Cy5,8.0,Z1456509864,Cy3+Cy5,6,6
F7,DonorAcceptor,SH-SY5Y - ECACC,1200,Z1802138933,3e-05,yAla(TGC)-Cy3+yIle(AAT)-Cy5,8.0,Z1802138933,Cy3+Cy5,7,6
F8,DonorAcceptor,SH-SY5Y - ECACC,1200,Z1275563262,3e-05,yAla(TGC)-Cy3+yIle(AAT)-Cy5,8.0,Z1275563262,Cy3+Cy5,8,6
F9,DonorAcceptor,SH-SY5Y - ECACC,1200,Z2327588874,3e-05,yAla(TGC)-Cy3+yIle(AAT)-Cy5,8.0,Z2327588874,Cy3+Cy5,9,6
F10,DonorAcceptor,SH-SY5Y - ECACC,1200,Z994194816,3e-05,yAla(TGC)-Cy3+yIle(AAT)-Cy5,8.0,Z994194816,Cy3+Cy5,10,6
F11,DonorAcceptor,SH-SY5Y - ECACC,1200,Z1980544948,3e-05,yAla(TGC)-Cy3+yIle(AAT)-Cy5,8.0,Z1980544948,Cy3+Cy5,11,6
F12,DonorAcceptor,SH-SY5Y - ECACC,1200,Z2724405693,3e-05,yAla(TGC)-Cy3+yIle(AAT)-Cy5,8.0,Z2724405693,Cy3+Cy5,12,6
F13,DonorAcceptor,SH-SY5Y - ECACC,1200,Z992563000,3e-05,yAla(TGC)-Cy3+yIle(AAT)-Cy5,8.0,Z992563000,Cy3+Cy5,13,6
F14,DonorAcceptor,SH-SY5Y - ECACC,1200,Z1770526635,3e-05,yAla(TGC)-Cy3+yIle(AAT)-Cy5,8.0,Z1770526635,Cy3+Cy5,14,6
F15,DonorAcceptor,SH-SY5Y - ECACC,1200,Z1276327778,3e-05,yAla(TGC)-Cy3+yIle(AAT)-Cy5,8.0,Z1276327778,Cy3+Cy5,15,6
F16,DonorAcceptor,SH-SY5Y - ECACC,1200,Z2504703045,3e-05,yAla(TGC)-Cy3+yIle(AAT)-Cy5,8.0,Z2504703045,Cy3+Cy5,16,6
F17,DonorAcceptor,SH-SY5Y - ECACC,1200,Z1609738064,3e-05,yAla(TGC)-Cy3+yIle(AAT)-Cy5,8.0,Z1609738064,Cy3+Cy5,17,6
F18,DonorAcceptor,SH-SY5Y - ECACC,1200,Z1139523194,3e-05,yAla(TGC)-Cy3+yIle(AAT)-Cy5,8.0,Z1139523194,Cy3+Cy5,18,6
F19,DonorAcceptor,SH-SY5Y - ECACC,1200,Z1940163633,3e-05,yAla(TGC)-Cy3+yIle(AAT)-Cy5,8.0,Z1940163633,Cy3+Cy5,19,6
F20,DonorAcceptor,SH-SY5Y - ECACC,1200,Z1583817379,3e-05,yAla(TGC)-Cy3+yIle(AAT)-Cy5,8.0,Z1583817379,Cy3+Cy5,20,6
F21,DonorAcceptor,SH-SY5Y - ECACC,1200,Z1527513084,3e-05,yAla(TGC)-Cy3+yIle(AAT)-Cy5,8.0,Z1527513084,Cy3+Cy5,21,6
F22,DonorAcceptor,SH-SY5Y - ECACC,1200,Z334938560,3e-05,yAla(TGC)-Cy3+yIle(AAT)-Cy5,8.0,Z334938560,Cy3+Cy5,22,6
F23,DonorAcceptor,SH-SY5Y - ECACC,1200,DMSO,1,yAla(TGC)-Cy3+yIle(AAT)-Cy5,8.0,NA,Cy3+Cy5,23,6
G2,DonorOnly,SH-SY5Y - ECACC,1200,DMSO,1,yAla(TGC)-Cy3+yIle(AAT)-Cy5,8.0,NA,Cy3,2,7
G3,DonorAcceptor,SH-SY5Y - ECACC,1200,Z1272718301,3e-05,yAla(TGC)-Cy3+yIle(AAT)-Cy5,8.0,Z1272718301,Cy3+Cy5,3,7
G4,DonorAcceptor,SH-SY5Y - ECACC,1200,Z928299198,3e-05,yAla(TGC)-Cy3+yIle(AAT)-Cy5,8.0,Z928299198,Cy3+Cy5,4,7
G5,DonorAcceptor,SH-SY5Y - ECACC,1200,Z1218232768,3e-05,yAla(TGC)-Cy3+yIle(AAT)-Cy5,8.0,Z1218232768,Cy3+Cy5,5,7
G6,DonorAcceptor,SH-SY5Y - ECACC,1200,Z1731802677,3e-05,yAla(TGC)-Cy3+yIle(AAT)-Cy5,8.0,Z1731802677,Cy3+Cy5,6,7
G7,DonorAcceptor,SH-SY5Y - ECACC,1200,Z651515476,3e-05,yAla(TGC)-Cy3+yIle(AAT)-Cy5,8.0,Z651515476,Cy3+Cy5,7,7
G8,DonorAcceptor,SH-SY5Y - ECACC,1200,Z1963036771,3e-05,yAla(TGC)-Cy3+yIle(AAT)-Cy5,8.0,Z1963036771,Cy3+Cy5,8,7
G9,DonorAcceptor,SH-SY5Y - ECACC,1200,Z2379560335,3e-05,yAla(TGC)-Cy3+yIle(AAT)-Cy5,8.0,Z2379560335,Cy3+Cy5,9,7
G10,DonorAcceptor,SH-SY5Y - ECACC,1200,Z1343107199,3e-05,yAla(TGC)-Cy3+yIle(AAT)-Cy5,8.0,Z1343107199,Cy3+Cy5,10,7
G11,DonorAcceptor,SH-SY5Y - ECACC,1200,Z565903330,3e-05,yAla(TGC)-Cy3+yIle(AAT)-Cy5,8.0,Z565903330,Cy3+Cy5,11,7
G12,DonorAcceptor,SH-SY5Y - ECACC,1200,Z1258819130,3e-05,yAla(TGC)-Cy3+yIle(AAT)-Cy5,8.0,Z1258819130,Cy3+Cy5,12,7
G13,DonorAcceptor,SH-SY5Y - ECACC,1200,Z2227073472,3e-05,yAla(TGC)-Cy3+yIle(AAT)-Cy5,8.0,Z2227073472,Cy3+Cy5,13,7
G14,DonorAcceptor,SH-SY5Y - ECACC,1200,Z1139519031,3e-05,yAla(TGC)-Cy3+yIle(AAT)-Cy5,8.0,Z1139519031,Cy3+Cy5,14,7
G15,DonorAcceptor,SH-SY5Y - ECACC,1200,Z1345894656,3e-05,yAla(TGC)-Cy3+yIle(AAT)-Cy5,8.0,Z1345894656,Cy3+Cy5,15,7
G16,DonorAcceptor,SH-SY5Y - ECACC,1200,Z1589751322,3e-05,yAla(TGC)-Cy3+yIle(AAT)-Cy5,8.0,Z1589751322,Cy3+Cy5,16,7
G17,DonorAcceptor,SH-SY5Y - ECACC,1200,Z1603754072,3e-05,yAla(TGC)-Cy3+yIle(AAT)-Cy5,8.0,Z1603754072,Cy3+Cy5,17,7
G18,DonorAcceptor,SH-SY5Y - ECACC,1200,Z1583325857,3e-05,yAla(TGC)-Cy3+yIle(AAT)-Cy5,8.0,Z1583325857,Cy3+Cy5,18,7
G19,DonorAcceptor,SH-SY5Y - ECACC,1200,Z2620547384,3e-05,yAla(TGC)-Cy3+yIle(AAT)-Cy5,8.0,Z2620547384,Cy3+Cy5,19,7
G20,DonorAcceptor,SH-SY5Y - ECACC,1200,Z1708120101,3e-05,yAla(TGC)-Cy3+yIle(AAT)-Cy5,8.0,Z1708120101,Cy3+Cy5,20,7
G21,DonorAcceptor,SH-SY5Y - ECACC,1200,Z1233498973,3e-05,yAla(TGC)-Cy3+yIle(AAT)-Cy5,8.0,Z1233498973,Cy3+Cy5,21,7
G22,DonorAcceptor,SH-SY5Y - ECACC,1200,Z2569853348,3e-05,yAla(TGC)-Cy3+yIle(AAT)-Cy5,8.0,Z2569853348,Cy3+Cy5,22,7
G23,DonorAcceptor,SH-SY5Y - ECACC,1200,DMSO,1,yAla(TGC)-Cy3+yIle(AAT)-Cy5,8.0,NA,Cy3+Cy5,23,7
H2,DonorOnly,SH-SY5Y - ECACC,1200,DMSO,1,yAla(TGC)-Cy3+yIle(AAT)-Cy5,8.0,NA,Cy3,2,8
H3,DonorAcceptor,SH-SY5Y - ECACC,1200,Z2067006904,3e-05,yAla(TGC)-Cy3+yIle(AAT)-Cy5,8.0,Z2067006904,Cy3+Cy5,3,8
H4,DonorAcceptor,SH-SY5Y - ECACC,1200,Z2204973308,3e-05,yAla(TGC)-Cy3+yIle(AAT)-Cy5,8.0,Z2204973308,Cy3+Cy5,4,8
H5,DonorAcceptor,SH-SY5Y - ECACC,1200,Z2196890121,3e-05,yAla(TGC)-Cy3+yIle(AAT)-Cy5,8.0,Z2196890121,Cy3+Cy5,5,8
H6,DonorAcceptor,SH-SY5Y - ECACC,1200,Z608600642,3e-05,yAla(TGC)-Cy3+yIle(AAT)-Cy5,8.0,Z608600642,Cy3+Cy5,6,8
H7,DonorAcceptor,SH-SY5Y - ECACC,1200,Z2715196577,3e-05,yAla(TGC)-Cy3+yIle(AAT)-Cy5,8.0,Z2715196577,Cy3+Cy5,7,8
H8,DonorAcceptor,SH-SY5Y - ECACC,1200,Z2863938562,3e-05,yAla(TGC)-Cy3+yIle(AAT)-Cy5,8.0,Z2863938562,Cy3+Cy5,8,8
H9,DonorAcceptor,SH-SY5Y - ECACC,1200,Z168598060,3e-05,yAla(TGC)-Cy3+yIle(AAT)-Cy5,8.0,Z168598060,Cy3+Cy5,9,8
H10,DonorAcceptor,SH-SY5Y - ECACC,1200,Z1530931124,3e-05,yAla(TGC)-Cy3+yIle(AAT)-Cy5,8.0,Z1530931124,Cy3+Cy5,10,8
H11,DonorAcceptor,SH-SY5Y - ECACC,1200,Z1374983615,3e-05,yAla(TGC)-Cy3+yIle(AAT)-Cy5,8.0,Z1374983615,Cy3+Cy5,11,8
H12,DonorAcceptor,SH-SY5Y - ECACC,1200,Z1274803975,3e-05,yAla(TGC)-Cy3+yIle(AAT)-Cy5,8.0,Z1274803975,Cy3+Cy5,12,8
H13,DonorAcceptor,SH-SY5Y - ECACC,1200,Z1559729829,3e-05,yAla(TGC)-Cy3+yIle(AAT)-Cy5,8.0,Z1559729829,Cy3+Cy5,13,8
H14,DonorAcceptor,SH-SY5Y - ECACC,1200,Z1569171341,3e-05,yAla(TGC)-Cy3+yIle(AAT)-Cy5,8.0,Z1569171341,Cy3+Cy5,14,8
H15,DonorAcceptor,SH-SY5Y - ECACC,1200,Z2090878141,3e-05,yAla(TGC)-Cy3+yIle(AAT)-Cy5,8.0,Z2090878141,Cy3+Cy5,15,8
H16,DonorAcceptor,SH-SY5Y - ECACC,1200,Z2219145938,3e-05,yAla(TGC)-Cy3+yIle(AAT)-Cy5,8.0,Z2219145938,Cy3+Cy5,16,8
H17,DonorAcceptor,SH-SY5Y - ECACC,1200,Z928222790,3e-05,yAla(TGC)-Cy3+yIle(AAT)-Cy5,8.0,Z928222790,Cy3+Cy5,17,8
H18,DonorAcceptor,SH-SY5Y - ECACC,1200,Z1994362259,3e-05,yAla(TGC)-Cy3+yIle(AAT)-Cy5,8.0,Z1994362259,Cy3+Cy5,18,8
H19,DonorAcceptor,SH-SY5Y - ECACC,1200,Z1444350586,3e-05,yAla(TGC)-Cy3+yIle(AAT)-Cy5,8.0,Z1444350586,Cy3+Cy5,19,8
H20,DonorAcceptor,SH-SY5Y - ECACC,1200,Z1568451642,3e-05,yAla(TGC)-Cy3+yIle(AAT)-Cy5,8.0,Z1568451642,Cy3+Cy5,20,8
H21,DonorAcceptor,SH-SY5Y - ECACC,1200,Z1603696766,3e-05,yAla(TGC)-Cy3+yIle(AAT)-Cy5,8.0,Z1603696766,Cy3+Cy5,21,8
H22,DonorAcceptor,SH-SY5Y - ECACC,1200,Z2047846667,3e-05,yAla(TGC)-Cy3+yIle(AAT)-Cy5,8.0,Z2047846667,Cy3+Cy5,22,8
H23,DonorAcceptor,SH-SY5Y - ECACC,1200,DMSO,1,yAla(TGC)-Cy3+yIle(AAT)-Cy5,8.0,NA,Cy3+Cy5,23,8
I2,AcceptorOnly,SH-SY5Y - ECACC,1200,DMSO,1,yAla(TGC)-Cy3+yIle(AAT)-Cy5,8.0,NA,Cy5,2,9
I3,DonorAcceptor,SH-SY5Y - ECACC,1200,Z2072042096,3e-05,yAla(TGC)-Cy3+yIle(AAT)-Cy5,8.0,Z2072042096,Cy3+Cy5,3,9
I4,DonorAcceptor,SH-SY5Y - ECACC,1200,Z2055934271,3e-05,yAla(TGC)-Cy3+yIle(AAT)-Cy5,8.0,Z2055934271,Cy3+Cy5,4,9
I5,DonorAcceptor,SH-SY5Y - ECACC,1200,Z852068282,3e-05,yAla(TGC)-Cy3+yIle(AAT)-Cy5,8.0,Z852068282,Cy3+Cy5,5,9
I6,DonorAcceptor,SH-SY5Y - ECACC,1200,Z1918668900,3e-05,yAla(TGC)-Cy3+yIle(AAT)-Cy5,8.0,Z1918668900,Cy3+Cy5,6,9
I7,DonorAcceptor,SH-SY5Y - ECACC,1200,Z1217356673,3e-05,yAla(TGC)-Cy3+yIle(AAT)-Cy5,8.0,Z1217356673,Cy3+Cy5,7,9
I8,DonorAcceptor,SH-SY5Y - ECACC,1200,Z1831572556,3e-05,yAla(TGC)-Cy3+yIle(AAT)-Cy5,8.0,Z1831572556,Cy3+Cy5,8,9
I9,DonorAcceptor,SH-SY5Y - ECACC,1200,Z1223844855,3e-05,yAla(TGC)-Cy3+yIle(AAT)-Cy5,8.0,Z1223844855,Cy3+Cy5,9,9
I10,DonorAcceptor,SH-SY5Y - ECACC,1200,Z1443982356,3e-05,yAla(TGC)-Cy3+yIle(AAT)-Cy5,8.0,Z1443982356,Cy3+Cy5,10,9
I11,DonorAcceptor,SH-SY5Y - ECACC,1200,Z1331796376,3e-05,yAla(TGC)-Cy3+yIle(AAT)-Cy5,8.0,Z1331796376,Cy3+Cy5,11,9
I12,DonorAcceptor,SH-SY5Y - ECACC,1200,Z2450956273,3e-05,yAla(TGC)-Cy3+yIle(AAT)-Cy5,8.0,Z2450956273,Cy3+Cy5,12,9
I13,DonorAcceptor,SH-SY5Y - ECACC,1200,Z1302595164,3e-05,yAla(TGC)-Cy3+yIle(AAT)-Cy5,8.0,Z1302595164,Cy3+Cy5,13,9
I14,DonorAcceptor,SH-SY5Y - ECACC,1200,Z1139457259,3e-05,yAla(TGC)-Cy3+yIle(AAT)-Cy5,8.0,Z1139457259,Cy3+Cy5,14,9
I15,DonorAcceptor,SH-SY5Y - ECACC,1200,Z2784262963,3e-05,yAla(TGC)-Cy3+yIle(AAT)-Cy5,8.0,Z2784262963,Cy3+Cy5,15,9
I16,DonorAcceptor,SH-SY5Y - ECACC,1200,Z826181394,3e-05,yAla(TGC)-Cy3+yIle(AAT)-Cy5,8.0,Z826181394,Cy3+Cy5,16,9
I17,DonorAcceptor,SH-SY5Y - ECACC,1200,Z2377441750,3e-05,yAla(TGC)-Cy3+yIle(AAT)-Cy5,8.0,Z2377441750,Cy3+Cy5,17,9
I18,DonorAcceptor,SH-SY5Y - ECACC,1200,Z2100460279,3e-05,yAla(TGC)-Cy3+yIle(AAT)-Cy5,8.0,Z2100460279,Cy3+Cy5,18,9
I19,DonorAcceptor,SH-SY5Y - ECACC,1200,Z1531371137,3e-05,yAla(TGC)-Cy3+yIle(AAT)-Cy5,8.0,Z1531371137,Cy3+Cy5,19,9
I20,DonorAcceptor,SH-SY5Y - ECACC,1200,Z966218122,3e-05,yAla(TGC)-Cy3+yIle(AAT)-Cy5,8.0,Z966218122,Cy3+Cy5,20,9
I21,DonorAcceptor,SH-SY5Y - ECACC,1200,Z2242914640,3e-05,yAla(TGC)-Cy3+yIle(AAT)-Cy5,8.0,Z2242914640,Cy3+Cy5,21,9
I22,DonorAcceptor,SH-SY5Y - ECACC,1200,Z1444003497,3e-05,yAla(TGC)-Cy3+yIle(AAT)-Cy5,8.0,Z1444003497,Cy3+Cy5,22,9
I23,DonorAcceptor,SH-SY5Y - ECACC,1200,ANI_25323,3e-06,yAla(TGC)-Cy3+yIle(AAT)-Cy5,8.0,NA,Cy3+Cy5,23,9
J2,AcceptorOnly,SH-SY5Y - ECACC,1200,DMSO,1,yAla(TGC)-Cy3+yIle(AAT)-Cy5,8.0,NA,Cy5,2,10
J3,DonorAcceptor,SH-SY5Y - ECACC,1200,Z2144356196,3e-05,yAla(TGC)-Cy3+yIle(AAT)-Cy5,8.0,Z2144356196,Cy3+Cy5,3,10
J4,DonorAcceptor,SH-SY5Y - ECACC,1200,Z2365206214,3e-05,yAla(TGC)-Cy3+yIle(AAT)-Cy5,8.0,Z2365206214,Cy3+Cy5,4,10
J5,DonorAcceptor,SH-SY5Y - ECACC,1200,Z367838080,3e-05,yAla(TGC)-Cy3+yIle(AAT)-Cy5,8.0,Z367838080,Cy3+Cy5,5,10
J6,DonorAcceptor,SH-SY5Y - ECACC,1200,Z1742250950,3e-05,yAla(TGC)-Cy3+yIle(AAT)-Cy5,8.0,Z1742250950,Cy3+Cy5,6,10
J7,DonorAcceptor,SH-SY5Y - ECACC,1200,Z1759015676,3e-05,yAla(TGC)-Cy3+yIle(AAT)-Cy5,8.0,Z1759015676,Cy3+Cy5,7,10
J8,DonorAcceptor,SH-SY5Y - ECACC,1200,Z1420530773,3e-05,yAla(TGC)-Cy3+yIle(AAT)-Cy5,8.0,Z1420530773,Cy3+Cy5,8,10
J9,DonorAcceptor,SH-SY5Y - ECACC,1200,Z433821706,3e-05,yAla(TGC)-Cy3+yIle(AAT)-Cy5,8.0,Z433821706,Cy3+Cy5,9,10
J10,DonorAcceptor,SH-SY5Y - ECACC,1200,Z982637196,3e-05,yAla(TGC)-Cy3+yIle(AAT)-Cy5,8.0,Z982637196,Cy3+Cy5,10,10
J11,DonorAcceptor,SH-SY5Y - ECACC,1200,Z2242926661,3e-05,yAla(TGC)-Cy3+yIle(AAT)-Cy5,8.0,Z2242926661,Cy3+Cy5,11,10
J12,DonorAcceptor,SH-SY5Y - ECACC,1200,Z2445080381,3e-05,yAla(TGC)-Cy3+yIle(AAT)-Cy5,8.0,Z2445080381,Cy3+Cy5,12,10
J13,DonorAcceptor,SH-SY5Y - ECACC,1200,Z1939185303,3e-05,yAla(TGC)-Cy3+yIle(AAT)-Cy5,8.0,Z1939185303,Cy3+Cy5,13,10
J14,DonorAcceptor,SH-SY5Y - ECACC,1200,Z1480838302,3e-05,yAla(TGC)-Cy3+yIle(AAT)-Cy5,8.0,Z1480838302,Cy3+Cy5,14,10
J15,DonorAcceptor,SH-SY5Y - ECACC,1200,Z2297934560,3e-05,yAla(TGC)-Cy3+yIle(AAT)-Cy5,8.0,Z2297934560,Cy3+Cy5,15,10
J16,DonorAcceptor,SH-SY5Y - ECACC,1200,Z1444563811,3e-05,yAla(TGC)-Cy3+yIle(AAT)-Cy5,8.0,Z1444563811,Cy3+Cy5,16,10
J17,DonorAcceptor,SH-SY5Y - ECACC,1200,Z1454921857,3e-05,yAla(TGC)-Cy3+yIle(AAT)-Cy5,8.0,Z1454921857,Cy3+Cy5,17,10
J18,DonorAcceptor,SH-SY5Y - ECACC,1200,Z2017642389,3e-05,yAla(TGC)-Cy3+yIle(AAT)-Cy5,8.0,Z2017642389,Cy3+Cy5,18,10
J19,DonorAcceptor,SH-SY5Y - ECACC,1200,Z1844029392,3e-05,yAla(TGC)-Cy3+yIle(AAT)-Cy5,8.0,Z1844029392,Cy3+Cy5,19,10
J20,DonorAcceptor,SH-SY5Y - ECACC,1200,Z1143448240,3e-05,yAla(TGC)-Cy3+yIle(AAT)-Cy5,8.0,Z1143448240,Cy3+Cy5,20,10
J21,DonorAcceptor,SH-SY5Y - ECACC,1200,Z852067818,3e-05,yAla(TGC)-Cy3+yIle(AAT)-Cy5,8.0,Z852067818,Cy3+Cy5,21,10
J22,DonorAcceptor,SH-SY5Y - ECACC,1200,Z2090451665,3e-05,yAla(TGC)-Cy3+yIle(AAT)-Cy5,8.0,Z2090451665,Cy3+Cy5,22,10
J23,DonorAcceptor,SH-SY5Y - ECACC,1200,ANI_25323,3e-06,yAla(TGC)-Cy3+yIle(AAT)-Cy5,8.0,NA,Cy3+Cy5,23,10
K2,AcceptorOnly,SH-SY5Y - ECACC,1200,DMSO,1,yAla(TGC)-Cy3+yIle(AAT)-Cy5,8.0,NA,Cy5,2,11
K3,DonorAcceptor,SH-SY5Y - ECACC,1200,Z2732584457,3e-05,yAla(TGC)-Cy3+yIle(AAT)-Cy5,8.0,Z2732584457,Cy3+Cy5,3,11
K4,DonorAcceptor,SH-SY5Y - ECACC,1200,Z1491322864,3e-05,yAla(TGC)-Cy3+yIle(AAT)-Cy5,8.0,Z1491322864,Cy3+Cy5,4,11
K5,DonorAcceptor,SH-SY5Y - ECACC,1200,Z398843670,3e-05,yAla(TGC)-Cy3+yIle(AAT)-Cy5,8.0,Z398843670,Cy3+Cy5,5,11
K6,DonorAcceptor,SH-SY5Y - ECACC,1200,Z2045780964,3e-05,yAla(TGC)-Cy3+yIle(AAT)-Cy5,8.0,Z2045780964,Cy3+Cy5,6,11
K7,DonorAcceptor,SH-SY5Y - ECACC,1200,Z2165610948,3e-05,yAla(TGC)-Cy3+yIle(AAT)-Cy5,8.0,Z2165610948,Cy3+Cy5,7,11
K8,DonorAcceptor,SH-SY5Y - ECACC,1200,Z2150143347,3e-05,yAla(TGC)-Cy3+yIle(AAT)-Cy5,8.0,Z2150143347,Cy3+Cy5,8,11
K9,DonorAcceptor,SH-SY5Y - ECACC,1200,Z2235801493,3e-05,yAla(TGC)-Cy3+yIle(AAT)-Cy5,8.0,Z2235801493,Cy3+Cy5,9,11
K10,DonorAcceptor,SH-SY5Y - ECACC,1200,Z1350773831,3e-05,yAla(TGC)-Cy3+yIle(AAT)-Cy5,8.0,Z1350773831,Cy3+Cy5,10,11
K11,DonorAcceptor,SH-SY5Y - ECACC,1200,Z1098863720,3e-05,yAla(TGC)-Cy3+yIle(AAT)-Cy5,8.0,Z1098863720,Cy3+Cy5,11,11
K12,DonorAcceptor,SH-SY5Y - ECACC,1200,Z2436294214,3e-05,yAla(TGC)-Cy3+yIle(AAT)-Cy5,8.0,Z2436294214,Cy3+Cy5,12,11
K13,DonorAcceptor,SH-SY5Y - ECACC,1200,Z1608412681,3e-05,yAla(TGC)-Cy3+yIle(AAT)-Cy5,8.0,Z1608412681,Cy3+Cy5,13,11
K14,DonorAcceptor,SH-SY5Y - ECACC,1200,Z1230993333,3e-05,yAla(TGC)-Cy3+yIle(AAT)-Cy5,8.0,Z1230993333,Cy3+Cy5,14,11
K15,DonorAcceptor,SH-SY5Y - ECACC,1200,Z17357437,3e-05,yAla(TGC)-Cy3+yIle(AAT)-Cy5,8.0,Z17357437,Cy3+Cy5,15,11
K16,DonorAcceptor,SH-SY5Y - ECACC,1200,Z2242916937,3e-05,yAla(TGC)-Cy3+yIle(AAT)-Cy5,8.0,Z2242916937,Cy3+Cy5,16,11
K17,DonorAcceptor,SH-SY5Y - ECACC,1200,Z811099040,3e-05,yAla(TGC)-Cy3+yIle(AAT)-Cy5,8.0,Z811099040,Cy3+Cy5,17,11
K18,DonorAcceptor,SH-SY5Y - ECACC,1200,Z1258625570,3e-05,yAla(TGC)-Cy3+yIle(AAT)-Cy5,8.0,Z1258625570,Cy3+Cy5,18,11
K19,DonorAcceptor,SH-SY5Y - ECACC,1200,Z756730276,3e-05,yAla(TGC)-Cy3+yIle(AAT)-Cy5,8.0,Z756730276,Cy3+Cy5,19,11
K20,DonorAcceptor,SH-SY5Y - ECACC,1200,Z1602375044,3e-05,yAla(TGC)-Cy3+yIle(AAT)-Cy5,8.0,Z1602375044,Cy3+Cy5,20,11
K21,DonorAcceptor,SH-SY5Y - ECACC,1200,Z1609737661,3e-05,yAla(TGC)-Cy3+yIle(AAT)-Cy5,8.0,Z1609737661,Cy3+Cy5,21,11
K22,DonorAcceptor,SH-SY5Y - ECACC,1200,Z1258632173,3e-05,yAla(TGC)-Cy3+yIle(AAT)-Cy5,8.0,Z1258632173,Cy3+Cy5,22,11
K23,DonorAcceptor,SH-SY5Y - ECACC,1200,ANI_25323,3e-06,yAla(TGC)-Cy3+yIle(AAT)-Cy5,8.0,NA,Cy3+Cy5,23,11
L2,DonorAcceptor,SH-SY5Y - ECACC,1200,DMSO,1,yAla(TGC)-Cy3+yIle(AAT)-Cy5,8.0,NA,Cy3+Cy5,2,12
L3,DonorAcceptor,SH-SY5Y - ECACC,1200,Z2475744655,3e-05,yAla(TGC)-Cy3+yIle(AAT)-Cy5,8.0,Z2475744655,Cy3+Cy5,3,12
L4,DonorAcceptor,SH-SY5Y - ECACC,1200,Z1708230716,3e-05,yAla(TGC)-Cy3+yIle(AAT)-Cy5,8.0,Z1708230716,Cy3+Cy5,4,12
L5,DonorAcceptor,SH-SY5Y - ECACC,1200,Z2060627237,3e-05,yAla(TGC)-Cy3+yIle(AAT)-Cy5,8.0,Z2060627237,Cy3+Cy5,5,12
L6,DonorAcceptor,SH-SY5Y - ECACC,1200,Z2754350429,3e-05,yAla(TGC)-Cy3+yIle(AAT)-Cy5,8.0,Z2754350429,Cy3+Cy5,6,12
L7,DonorAcceptor,SH-SY5Y - ECACC,1200,Z2677922509,3e-05,yAla(TGC)-Cy3+yIle(AAT)-Cy5,8.0,Z2677922509,Cy3+Cy5,7,12
L8,DonorAcceptor,SH-SY5Y - ECACC,1200,Z1967795837,3e-05,yAla(TGC)-Cy3+yIle(AAT)-Cy5,8.0,Z1967795837,Cy3+Cy5,8,12
L9,DonorAcceptor,SH-SY5Y - ECACC,1200,Z750915446,3e-05,yAla(TGC)-Cy3+yIle(AAT)-Cy5,8.0,Z750915446,Cy3+Cy5,9,12
L10,DonorAcceptor,SH-SY5Y - ECACC,1200,Z1371519390,3e-05,yAla(TGC)-Cy3+yIle(AAT)-Cy5,8.0,Z1371519390,Cy3+Cy5,10,12
L11,DonorAcceptor,SH-SY5Y - ECACC,1200,Z2161852297,3e-05,yAla(TGC)-Cy3+yIle(AAT)-Cy5,8.0,Z2161852297,Cy3+Cy5,11,12
L12,DonorAcceptor,SH-SY5Y - ECACC,1200,Z2628180493,3e-05,yAla(TGC)-Cy3+yIle(AAT)-Cy5,8.0,Z2628180493,Cy3+Cy5,12,12
L13,DonorAcceptor,SH-SY5Y - ECACC,1200,Z1328933883,3e-05,yAla(TGC)-Cy3+yIle(AAT)-Cy5,8.0,Z1328933883,Cy3+Cy5,13,12
L14,DonorAcceptor,SH-SY5Y - ECACC,1200,Z1160991444,3e-05,yAla(TGC)-Cy3+yIle(AAT)-Cy5,8.0,Z1160991444,Cy3+Cy5,14,12
L15,DonorAcceptor,SH-SY5Y - ECACC,1200,Z2732655936,3e-05,yAla(TGC)-Cy3+yIle(AAT)-Cy5,8.0,Z2732655936,Cy3+Cy5,15,12
L16,DonorAcceptor,SH-SY5Y - ECACC,1200,Z1274798086,3e-05,yAla(TGC)-Cy3+yIle(AAT)-Cy5,8.0,Z1274798086,Cy3+Cy5,16,12
L17,DonorAcceptor,SH-SY5Y - ECACC,1200,Z1966755456,3e-05,yAla(TGC)-Cy3+yIle(AAT)-Cy5,8.0,Z1966755456,Cy3+Cy5,17,12
L18,DonorAcceptor,SH-SY5Y - ECACC,1200,Z109402054,3e-05,yAla(TGC)-Cy3+yIle(AAT)-Cy5,8.0,Z109402054,Cy3+Cy5,18,12
L19,DonorAcceptor,SH-SY5Y - ECACC,1200,Z2055854619,3e-05,yAla(TGC)-Cy3+yIle(AAT)-Cy5,8.0,Z2055854619,Cy3+Cy5,19,12
L20,DonorAcceptor,SH-SY5Y - ECACC,1200,Z1512278260,3e-05,yAla(TGC)-Cy3+yIle(AAT)-Cy5,8.0,Z1512278260,Cy3+Cy5,20,12
L21,DonorAcceptor,SH-SY5Y - ECACC,1200,Z1609728962,3e-05,yAla(TGC)-Cy3+yIle(AAT)-Cy5,8.0,Z1609728962,Cy3+Cy5,21,12
L22,DonorAcceptor,SH-SY5Y - ECACC,1200,Z1362472258,3e-05,yAla(TGC)-Cy3+yIle(AAT)-Cy5,8.0,Z1362472258,Cy3+Cy5,22,12
L23,DonorAcceptor,SH-SY5Y - ECACC,1200,ANI_25323,3e-06,yAla(TGC)-Cy3+yIle(AAT)-Cy5,8.0,NA,Cy3+Cy5,23,12
M2,DonorAcceptor,SH-SY5Y - ECACC,1200,DMSO,1,yAla(TGC)-Cy3+yIle(AAT)-Cy5,8.0,NA,Cy3+Cy5,2,13
M3,DonorAcceptor,SH-SY5Y - ECACC,1200,Z2150400184,3e-05,yAla(TGC)-Cy3+yIle(AAT)-Cy5,8.0,Z2150400184,Cy3+Cy5,3,13
M4,DonorAcceptor,SH-SY5Y - ECACC,1200,Z1839860176,3e-05,yAla(TGC)-Cy3+yIle(AAT)-Cy5,8.0,Z1839860176,Cy3+Cy5,4,13
M5,DonorAcceptor,SH-SY5Y - ECACC,1200,Z1488199737,3e-05,yAla(TGC)-Cy3+yIle(AAT)-Cy5,8.0,Z1488199737,Cy3+Cy5,5,13
M6,DonorAcceptor,SH-SY5Y - ECACC,1200,Z854090680,3e-05,yAla(TGC)-Cy3+yIle(AAT)-Cy5,8.0,Z854090680,Cy3+Cy5,6,13
M7,DonorAcceptor,SH-SY5Y - ECACC,1200,Z733325106,3e-05,yAla(TGC)-Cy3+yIle(AAT)-Cy5,8.0,Z733325106,Cy3+Cy5,7,13
M8,DonorAcceptor,SH-SY5Y - ECACC,1200,Z1185224475,3e-05,yAla(TGC)-Cy3+yIle(AAT)-Cy5,8.0,Z1185224475,Cy3+Cy5,8,13
M9,DonorAcceptor,SH-SY5Y - ECACC,1200,Z2351376348,3e-05,yAla(TGC)-Cy3+yIle(AAT)-Cy5,8.0,Z2351376348,Cy3+Cy5,9,13
M10,DonorAcceptor,SH-SY5Y - ECACC,1200,Z2286120127,3e-05,yAla(TGC)-Cy3+yIle(AAT)-Cy5,8.0,Z2286120127,Cy3+Cy5,10,13
M11,DonorAcceptor,SH-SY5Y - ECACC,1200,Z1324034872,3e-05,yAla(TGC)-Cy3+yIle(AAT)-Cy5,8.0,Z1324034872,Cy3+Cy5,11,13
M12,DonorAcceptor,SH-SY5Y - ECACC,1200,Z1443645286,3e-05,yAla(TGC)-Cy3+yIle(AAT)-Cy5,8.0,Z1443645286,Cy3+Cy5,12,13
M13,DonorAcceptor,SH-SY5Y - ECACC,1200,Z2683018668,3e-05,yAla(TGC)-Cy3+yIle(AAT)-Cy5,8.0,Z2683018668,Cy3+Cy5,13,13
M14,DonorAcceptor,SH-SY5Y - ECACC,1200,Z2242920011,3e-05,yAla(TGC)-Cy3+yIle(AAT)-Cy5,8.0,Z2242920011,Cy3+Cy5,14,13
M15,DonorAcceptor,SH-SY5Y - ECACC,1200,Z1816847061,3e-05,yAla(TGC)-Cy3+yIle(AAT)-Cy5,8.0,Z1816847061,Cy3+Cy5,15,13
M16,DonorAcceptor,SH-SY5Y - ECACC,1200,Z1689429613,3e-05,yAla(TGC)-Cy3+yIle(AAT)-Cy5,8.0,Z1689429613,Cy3+Cy5,16,13
M17,DonorAcceptor,SH-SY5Y - ECACC,1200,Z1627629831,3e-05,yAla(TGC)-Cy3+yIle(AAT)-Cy5,8.0,Z1627629831,Cy3+Cy5,17,13
M18,DonorAcceptor,SH-SY5Y - ECACC,1200,Z2464232176,3e-05,yAla(TGC)-Cy3+yIle(AAT)-Cy5,8.0,Z2464232176,Cy3+Cy5,18,13
M19,DonorAcceptor,SH-SY5Y - ECACC,1200,Z1328212844,3e-05,yAla(TGC)-Cy3+yIle(AAT)-Cy5,8.0,Z1328212844,Cy3+Cy5,19,13
M20,DonorAcceptor,SH-SY5Y - ECACC,1200,Z1548591806,3e-05,yAla(TGC)-Cy3+yIle(AAT)-Cy5,8.0,Z1548591806,Cy3+Cy5,20,13
M21,DonorAcceptor,SH-SY5Y - ECACC,1200,Z2242874290,3e-05,yAla(TGC)-Cy3+yIle(AAT)-Cy5,8.0,Z2242874290,Cy3+Cy5,21,13
M22,DonorAcceptor,SH-SY5Y - ECACC,1200,Z815784444,3e-05,yAla(TGC)-Cy3+yIle(AAT)-Cy5,8.0,Z815784444,Cy3+Cy5,22,13
M23,DonorAcceptor,SH-SY5Y - ECACC,1200,ANI_25323,3e-06,yAla(TGC)-Cy3+yIle(AAT)-Cy5,8.0,NA,Cy3+Cy5,23,13
N2,DonorAcceptor,SH-SY5Y - ECACC,1200,DMSO,1,yAla(TGC)-Cy3+yIle(AAT)-Cy5,8.0,NA,Cy3+Cy5,2,14
N3,DonorAcceptor,SH-SY5Y - ECACC,1200,Z1455361300,3e-05,yAla(TGC)-Cy3+yIle(AAT)-Cy5,8.0,Z1455361300,Cy3+Cy5,3,14
N4,DonorAcceptor,SH-SY5Y - ECACC,1200,Z2054718044,3e-05,yAla(TGC)-Cy3+yIle(AAT)-Cy5,8.0,Z2054718044,Cy3+Cy5,4,14
N5,DonorAcceptor,SH-SY5Y - ECACC,1200,Z1274488551,3e-05,yAla(TGC)-Cy3+yIle(AAT)-Cy5,8.0,Z1274488551,Cy3+Cy5,5,14
N6,DonorAcceptor,SH-SY5Y - ECACC,1200,Z2652418006,3e-05,yAla(TGC)-Cy3+yIle(AAT)-Cy5,8.0,Z2652418006,Cy3+Cy5,6,14
N7,DonorAcceptor,SH-SY5Y - ECACC,1200,Z2784627164,3e-05,yAla(TGC)-Cy3+yIle(AAT)-Cy5,8.0,Z2784627164,Cy3+Cy5,7,14
N8,DonorAcceptor,SH-SY5Y - ECACC,1200,Z1525845807,3e-05,yAla(TGC)-Cy3+yIle(AAT)-Cy5,8.0,Z1525845807,Cy3+Cy5,8,14
N9,DonorAcceptor,SH-SY5Y - ECACC,1200,Z641390192,3e-05,yAla(TGC)-Cy3+yIle(AAT)-Cy5,8.0,Z641390192,Cy3+Cy5,9,14
N10,DonorAcceptor,SH-SY5Y - ECACC,1200,Z1160496017,3e-05,yAla(TGC)-Cy3+yIle(AAT)-Cy5,8.0,Z1160496017,Cy3+Cy5,10,14
N11,DonorAcceptor,SH-SY5Y - ECACC,1200,Z2900719081,3e-05,yAla(TGC)-Cy3+yIle(AAT)-Cy5,8.0,Z2900719081,Cy3+Cy5,11,14
N12,DonorAcceptor,SH-SY5Y - ECACC,1200,Z2190742452,3e-05,yAla(TGC)-Cy3+yIle(AAT)-Cy5,8.0,Z2190742452,Cy3+Cy5,12,14
N13,DonorAcceptor,SH-SY5Y - ECACC,1200,Z1694812483,3e-05,yAla(TGC)-Cy3+yIle(AAT)-Cy5,8.0,Z1694812483,Cy3+Cy5,13,14
N14,DonorAcceptor,SH-SY5Y - ECACC,1200,Z797408990,3e-05,yAla(TGC)-Cy3+yIle(AAT)-Cy5,8.0,Z797408990,Cy3+Cy5,14,14
N15,DonorAcceptor,SH-SY5Y - ECACC,1200,Z1445391500,3e-05,yAla(TGC)-Cy3+yIle(AAT)-Cy5,8.0,Z1445391500,Cy3+Cy5,15,14
N16,DonorAcceptor,SH-SY5Y - ECACC,1200,Z1155502646,3e-05,yAla(TGC)-Cy3+yIle(AAT)-Cy5,8.0,Z1155502646,Cy3+Cy5,16,14
N17,DonorAcceptor,SH-SY5Y - ECACC,1200,Z1215310459,3e-05,yAla(TGC)-Cy3+yIle(AAT)-Cy5,8.0,Z1215310459,Cy3+Cy5,17,14
N18,DonorAcceptor,SH-SY5Y - ECACC,1200,Z1874212734,3e-05,yAla(TGC)-Cy3+yIle(AAT)-Cy5,8.0,Z1874212734,Cy3+Cy5,18,14
N19,DonorAcceptor,SH-SY5Y - ECACC,1200,Z213134456,3e-05,yAla(TGC)-Cy3+yIle(AAT)-Cy5,8.0,Z213134456,Cy3+Cy5,19,14
N20,DonorAcceptor,SH-SY5Y - ECACC,1200,Z1289518058,3e-05,yAla(TGC)-Cy3+yIle(AAT)-Cy5,8.0,Z1289518058,Cy3+Cy5,20,14
N21,DonorAcceptor,SH-SY5Y - ECACC,1200,Z2242908689,3e-05,yAla(TGC)-Cy3+yIle(AAT)-Cy5,8.0,Z2242908689,Cy3+Cy5,21,14
N22,DonorAcceptor,SH-SY5Y - ECACC,1200,Z2790477853,3e-05,yAla(TGC)-Cy3+yIle(AAT)-Cy5,8.0,Z2790477853,Cy3+Cy5,22,14
N23,DonorAcceptor,SH-SY5Y - ECACC,1200,ANI_25323,3e-06,yAla(TGC)-Cy3+yIle(AAT)-Cy5,8.0,NA,Cy3+Cy5,23,14
O2,DonorAcceptor,SH-SY5Y - ECACC,1200,DMSO,1,yAla(TGC)-Cy3+yIle(AAT)-Cy5,8.0,NA,Cy3+Cy5,2,15
O3,DonorAcceptor,SH-SY5Y - ECACC,1200,Z1739271362,3e-05,yAla(TGC)-Cy3+yIle(AAT)-Cy5,8.0,Z1739271362,Cy3+Cy5,3,15
O4,DonorAcceptor,SH-SY5Y - ECACC,1200,Z1545526813,3e-05,yAla(TGC)-Cy3+yIle(AAT)-Cy5,8.0,Z1545526813,Cy3+Cy5,4,15
O5,DonorAcceptor,SH-SY5Y - ECACC,1200,Z1175189228,3e-05,yAla(TGC)-Cy3+yIle(AAT)-Cy5,8.0,Z1175189228,Cy3+Cy5,5,15
O6,DonorAcceptor,SH-SY5Y - ECACC,1200,Z2147688320,3e-05,yAla(TGC)-Cy3+yIle(AAT)-Cy5,8.0,Z2147688320,Cy3+Cy5,6,15
O7,DonorAcceptor,SH-SY5Y - ECACC,1200,Z2295250166,3e-05,yAla(TGC)-Cy3+yIle(AAT)-Cy5,8.0,Z2295250166,Cy3+Cy5,7,15
O8,DonorAcceptor,SH-SY5Y - ECACC,1200,Z1182643682,3e-05,yAla(TGC)-Cy3+yIle(AAT)-Cy5,8.0,Z1182643682,Cy3+Cy5,8,15
O9,DonorAcceptor,SH-SY5Y - ECACC,1200,Z1444396288,3e-05,yAla(TGC)-Cy3+yIle(AAT)-Cy5,8.0,Z1444396288,Cy3+Cy5,9,15
O10,DonorAcceptor,SH-SY5Y - ECACC,1200,Z1555196102,3e-05,yAla(TGC)-Cy3+yIle(AAT)-Cy5,8.0,Z1555196102,Cy3+Cy5,10,15
O11,DonorAcceptor,SH-SY5Y - ECACC,1200,Z1954976018,3e-05,yAla(TGC)-Cy3+yIle(AAT)-Cy5,8.0,Z1954976018,Cy3+Cy5,11,15
O12,DonorAcceptor,SH-SY5Y - ECACC,1200,Z2160807416,3e-05,yAla(TGC)-Cy3+yIle(AAT)-Cy5,8.0,Z2160807416,Cy3+Cy5,12,15
O13,DonorAcceptor,SH-SY5Y - ECACC,1200,Z1276707321,3e-05,yAla(TGC)-Cy3+yIle(AAT)-Cy5,8.0,Z1276707321,Cy3+Cy5,13,15
O14,DonorAcceptor,SH-SY5Y - ECACC,1200,Z1551720711,3e-05,yAla(TGC)-Cy3+yIle(AAT)-Cy5,8.0,Z1551720711,Cy3+Cy5,14,15
O15,DonorAcceptor,SH-SY5Y - ECACC,1200,Z2150164151,3e-05,yAla(TGC)-Cy3+yIle(AAT)-Cy5,8.0,Z2150164151,Cy3+Cy5,15,15
O16,DonorAcceptor,SH-SY5Y - ECACC,1200,Z57614330,3e-05,yAla(TGC)-Cy3+yIle(AAT)-Cy5,8.0,Z57614330,Cy3+Cy5,16,15
O17,DonorAcceptor,SH-SY5Y - ECACC,1200,Z1289802973,3e-05,yAla(TGC)-Cy3+yIle(AAT)-Cy5,8.0,Z1289802973,Cy3+Cy5,17,15
O18,DonorAcceptor,SH-SY5Y - ECACC,1200,Z1870462281,3e-05,yAla(TGC)-Cy3+yIle(AAT)-Cy5,8.0,Z1870462281,Cy3+Cy5,18,15
O19,DonorAcceptor,SH-SY5Y - ECACC,1200,Z1546307624,3e-05,yAla(TGC)-Cy3+yIle(AAT)-Cy5,8.0,Z1546307624,Cy3+Cy5,19,15
O20,DonorAcceptor,SH-SY5Y - ECACC,1200,Z1207877892,3e-05,yAla(TGC)-Cy3+yIle(AAT)-Cy5,8.0,Z1207877892,Cy3+Cy5,20,15
O21,DonorAcceptor,SH-SY5Y - ECACC,1200,Z1325217358,3e-05,yAla(TGC)-Cy3+yIle(AAT)-Cy5,8.0,Z1325217358,Cy3+Cy5,21,15
O22,DonorAcceptor,SH-SY5Y - ECACC,1200,Z1409959425,3e-05,yAla(TGC)-Cy3+yIle(AAT)-Cy5,8.0,Z1409959425,Cy3+Cy5,22,15
O23,DonorAcceptor,SH-SY5Y - ECACC,1200,ANI_25323,3e-06,yAla(TGC)-Cy3+yIle(AAT)-Cy5,8.0,NA,Cy3+Cy5,23,15
